{"info":{"version":1,"name":"Dispatcher","id":"dispatcher-1","type":"dispatcher","description":"","author":"","revision":"1","date":"Wed Jun 05 2024 18:09:34 GMT+0200 (Central European Summer Time)","projectId":"94c238f4-0c82-40f8-bf62-59c45cbbd490","projectName":"Sample 4 Project","active":true,"featureLevel":4},"flowchart":{"version":1,"datatypes":[{"type":"object","subType":"Barcode","objectFields":[{"name":"symbology","type":"number","subType":""},{"name":"barcodeString","type":"string","subType":""}],"enumFields":[]},{"type":"enum","subType":"BarcodeType","objectFields":[],"enumFields":[{"name":"NOT_DEFINED","value":0},{"name":"CODE39","value":1},{"name":"DISCRETE25","value":2},{"name":"MATRIX25","value":3},{"name":"INTERLEAVED25","value":4},{"name":"CODABAR","value":5},{"name":"CODE93","value":6},{"name":"CODE128","value":7},{"name":"UPCA","value":8},{"name":"UPCA_ADDON2","value":9},{"name":"UPCA_ADDON5","value":10},{"name":"UPCE","value":11},{"name":"UPCE_ADDON2","value":12},{"name":"UPCE_ADDON5","value":13},{"name":"UPCE1","value":14},{"name":"UPCE1_ADDON2","value":15},{"name":"UPCE1_ADDON5","value":16},{"name":"EAN13","value":17},{"name":"EAN13_ADDON2","value":18},{"name":"EAN13_ADDON5","value":19},{"name":"EAN8","value":20},{"name":"EAN8_ADDON2","value":21},{"name":"EAN8_ADDON5","value":22},{"name":"MSI","value":23},{"name":"GS1_14","value":24},{"name":"GS1_LIMIT","value":25},{"name":"GS1_EXP","value":26},{"name":"PDF417","value":27},{"name":"DATAMATRIX","value":28},{"name":"MAXICODE","value":29},{"name":"TRIOPTIC","value":30},{"name":"CODE32","value":31},{"name":"MICROPDF417","value":32},{"name":"QRCODE","value":33},{"name":"AZTEC","value":34},{"name":"POSTAL_PLANET","value":35},{"name":"POSTAL_POSTNET","value":36},{"name":"POSTAL_4STATE","value":37},{"name":"POSTAL_ROYALMAIL","value":38},{"name":"POSTAL_AUSTRALIAN","value":39},{"name":"POSTAL_KIX","value":40},{"name":"POSTAL_JAPAN","value":41},{"name":"GS1_128","value":42},{"name":"CODE39_FULLASCII","value":43},{"name":"EAN13_ISBN","value":44},{"name":"EAN13_ISSN","value":45},{"name":"MICRO_QR","value":46},{"name":"COMPOSITE_GS1_128_A","value":47},{"name":"COMPOSITE_GS1_128_B","value":48},{"name":"COMPOSITE_GS1_128_C","value":49},{"name":"COMPOSITE_GS1_14_A","value":50},{"name":"COMPOSITE_GS1_14_B","value":51},{"name":"COMPOSITE_GS1_LIMIT_A","value":52},{"name":"COMPOSITE_GS1_LIMIT_B","value":53},{"name":"COMPOSITE_GS1_EXP_A","value":54},{"name":"COMPOSITE_GS1_EXP_B","value":55},{"name":"COMPOSITE_CC_A","value":56},{"name":"COMPOSITE_CC_B","value":57},{"name":"DOTCODE","value":58},{"name":"ISBT_128","value":59},{"name":"ISBT_128_CONCATENATED","value":60},{"name":"GS1_DATAMATRIX","value":61},{"name":"OCR","value":62},{"name":"GS1_QRCODE","value":63},{"name":"ITF14","value":64},{"name":"HAN_XIN","value":65}]},{"type":"enum","subType":"Formatter","objectFields":[],"enumFields":[{"name":"STANDARD","value":0},{"name":"FORMATTER","value":101}]},{"type":"enum","subType":"EventType","objectFields":[],"enumFields":[{"name":"BARCODE","value":0},{"name":"START","value":1},{"name":"STOP","value":2},{"name":"TIMEOUT","value":3}]}],"blockCategories":[{"name":"Arithmetic Operations","shortName":"Arithmetic","color":"#C70D3A","hidden":false},{"name":"Boolean Operations","shortName":"Booleans","color":"#006064","hidden":false},{"name":"Inequality Operations","shortName":"Inequality","color":"#3F51B5","hidden":false},{"name":"String Operations","shortName":"Strings","color":"#7B68EE","hidden":false},{"name":"Array Operations","shortName":"Arrays","color":"#795548","hidden":false},{"name":"Conditions","color":"#009688","hidden":false}],"parameters":[{"name":"Input","color":"#1E88E5"},{"name":"Output","color":"#1E88E5"},{"name":"Variable","color":"#3D7EA6"},{"name":"Constant","color":"#2E7D32"}],"properties":[],"inputs":[{"name":"string : barcodeStringIn","id":0,"internalName":"barcodeStringIn","internalType":"string","internalSubType":"","internalDirection":"input","x":100,"y":200,"width":350,"color":"#1E88E5","canDelete":true,"canDuplicate":false,"inputConnectors":[],"outputConnectors":[{"name":"","type":"string","subType":"","array":false,"defaultValue":"","dynamicGroup":"","dynamicIndex":0}]},{"name":"BarcodeType : barcodeTypeIn","id":1,"internalName":"barcodeTypeIn","internalType":"enum","internalSubType":"BarcodeType","internalDirection":"input","x":100,"y":300,"width":350,"color":"#1E88E5","canDelete":true,"canDuplicate":false,"inputConnectors":[],"outputConnectors":[{"name":"","type":"enum","subType":"BarcodeType","array":false,"defaultValue":"","dynamicGroup":"","dynamicIndex":0}]},{"name":"EventType : eventTypeIn","id":6,"internalName":"eventTypeIn","internalType":"enum","internalSubType":"EventType","internalDirection":"input","x":100,"y":400,"width":350,"color":"#1E88E5","canDelete":true,"canDuplicate":false,"inputConnectors":[],"outputConnectors":[{"name":"","type":"enum","subType":"EventType","array":false,"defaultValue":"","dynamicGroup":"","dynamicIndex":0}]}],"outputs":[{"name":"enum Formatter[] : formattersOut","id":3,"internalName":"formattersOut","internalType":"enum","internalSubType":"Formatter","internalDirection":"output","x":800,"y":200,"width":350,"color":"#1E88E5","canDelete":true,"canDuplicate":false,"inputConnectors":[{"name":"","type":"enum","subType":"Formatter","array":true,"defaultValue":"","dynamicGroup":"","dynamicIndex":0}],"outputConnectors":[]}],"blocks":[{"type":"block","subType":"Add","shortName":"+","category":"Arithmetic Operations","code":"function(input, output) {\n\t\tif (input[\"in\"] === undefined)\n\t\t\treturn;\n\t\toutput[\"out\"] = 0;\n\t\tfor (var i = 0; i < input[\"in\"].length; i++)\n\t\t\toutput[\"out\"] += input[\"in\"][i];\n\t}","inputs":[{"name":"in","type":"number","subType":"","array":true,"dynamic":true,"length":2}],"outputs":[{"name":"out","type":"number","subType":"","array":false}]},{"type":"block","subType":"Subtract","shortName":"-","category":"Arithmetic Operations","code":"function(input, output) {\n\t\tif (input[\"in1\"] === undefined || input[\"in2\"] === undefined)\n\t\t\treturn;\n\t\toutput[\"out\"] = input[\"in1\"] - input[\"in2\"];\n\t}","inputs":[{"name":"in1","type":"number","subType":"","array":false},{"name":"in2","type":"number","subType":"","array":false}],"outputs":[{"name":"out","type":"number","subType":"","array":false}]},{"type":"block","subType":"Multiply","shortName":"*","category":"Arithmetic Operations","code":"function(input, output) {\n\t\tif (input[\"in\"] === undefined)\n\t\t\treturn;\n\t\toutput[\"out\"] = 1;\n\t\tfor (var i = 0; i < input[\"in\"].length; i++)\n\t\t\toutput[\"out\"] *= input[\"in\"][i];\n\t}","inputs":[{"name":"in","type":"number","subType":"","array":true,"dynamic":true,"length":2}],"outputs":[{"name":"out","type":"number","subType":"","array":false}]},{"type":"block","subType":"Divide","shortName":"/","category":"Arithmetic Operations","code":"function(input, output) {\n\t\tif (input[\"in1\"] === undefined || input[\"in2\"] === undefined)\n\t\t\treturn;\n\t\toutput[\"out\"] = input[\"in1\"] / input[\"in2\"];\n\t}","inputs":[{"name":"in1","type":"number","subType":"","array":false},{"name":"in2","type":"number","subType":"","array":false}],"outputs":[{"name":"out","type":"number","subType":"","array":false}]},{"type":"block","subType":"Not","shortName":"Not","category":"Boolean Operations","code":"function(input, output) {\n\t\tif (input[\"in\"] === undefined)\n\t\t\treturn;\n\t\toutput[\"out\"] = !input[\"in\"];\n\t}","inputs":[{"name":"in","type":"boolean","subType":"","array":false}],"outputs":[{"name":"out","type":"boolean","subType":"","array":false}]},{"type":"block","subType":"And","shortName":"And","category":"Boolean Operations","code":"function(input, output) {\n\t\tif (input[\"in\"] === undefined)\n\t\t\treturn;\n\t\toutput[\"out\"] = true;\n\t\tfor (var i = 0; i < input[\"in\"].length; i++)\n\t\t\toutput[\"out\"] = output[\"out\"] && input[\"in\"][i];\n\t}","inputs":[{"name":"in","type":"boolean","subType":"","array":true,"dynamic":true,"length":2}],"outputs":[{"name":"out","type":"boolean","subType":"","array":false}]},{"type":"block","subType":"Or","shortName":"Or","category":"Boolean Operations","code":"function(input, output) {\n\t\tif (input[\"in\"] === undefined)\n\t\t\treturn;\n\t\toutput[\"out\"] = false;\n\t\tfor (var i = 0; i < input[\"in\"].length; i++)\n\t\t\toutput[\"out\"] = output[\"out\"] || input[\"in\"][i];\n\t}","inputs":[{"name":"in","type":"boolean","subType":"","array":true,"dynamic":true,"length":2}],"outputs":[{"name":"out","type":"boolean","subType":"","array":false}]},{"type":"block","subType":"Nand","shortName":"Nand","category":"Boolean Operations","code":"function(input, output) {\n\t\tif (input[\"in\"] === undefined)\n\t\t\treturn;\n\t\toutput[\"out\"] = true;\n\t\tfor (var i = 0; i < input[\"in\"].length; i++)\n\t\t\toutput[\"out\"] = output[\"out\"] && input[\"in\"][i];\n\t\toutput[\"out\"] = !output[\"out\"];\n\t}","inputs":[{"name":"in","type":"boolean","subType":"","array":true,"dynamic":true,"length":2}],"outputs":[{"name":"out","type":"boolean","subType":"","array":false}]},{"type":"block","subType":"Nor","shortName":"Nor","category":"Boolean Operations","code":"function(input, output) {\n\t\tif (input[\"in\"] === undefined)\n\t\t\treturn;\n\t\toutput[\"out\"] = false;\n\t\tfor (var i = 0; i < input[\"in\"].length; i++)\n\t\t\toutput[\"out\"] = output[\"out\"] || input[\"in\"][i];\n\t\toutput[\"out\"] = !output[\"out\"];\n\t}","inputs":[{"name":"in","type":"boolean","subType":"","array":true,"dynamic":true,"length":2}],"outputs":[{"name":"out","type":"boolean","subType":"","array":false}]},{"type":"block","subType":"GreaterEqualsThan","shortName":">=","category":"Inequality Operations","code":"function(input, output) {\n\t\tif (input[\"n1\"] === undefined || input[\"n2\"] === undefined)\n\t\t\treturn;\n\t\toutput[\"result\"] = input[\"n1\"] >= input[\"n2\"];\n\t}","inputs":[{"name":"n1","type":"number","subType":"","array":false},{"name":"n2","type":"number","subType":"","array":false}],"outputs":[{"name":"result","type":"boolean","subType":"","array":false}]},{"type":"block","subType":"GreaterThan","shortName":">","category":"Inequality Operations","code":"function(input, output) {\n\t\tif (input[\"n1\"] === undefined || input[\"n2\"] === undefined)\n\t\t\treturn;\n\t\toutput[\"result\"] = input[\"n1\"] > input[\"n2\"];\n\t}","inputs":[{"name":"n1","type":"number","subType":"","array":false},{"name":"n2","type":"number","subType":"","array":false}],"outputs":[{"name":"result","type":"boolean","subType":"","array":false}]},{"type":"block","subType":"Equals","shortName":"==","category":"Inequality Operations","code":"function(input, output) {\n\t\tif (input[\"value1\"] === undefined || input[\"value2\"] === undefined)\n\t\t\treturn;\n\t\toutput[\"result\"] = input[\"value1\"] == input[\"value2\"];\n\t}","inputs":[{"name":"value1","type":"any","subType":"","array":false},{"name":"value2","type":"any","subType":"","array":false}],"outputs":[{"name":"result","type":"boolean","subType":"","array":false}]},{"type":"block","subType":"NotEquals","shortName":"!=","category":"Inequality Operations","code":"function(input, output) {\n\t\tif (input[\"value1\"] === undefined || input[\"value2\"] === undefined)\n\t\t\treturn;\n\t\toutput[\"result\"] = input[\"value1\"] != input[\"value2\"];\n\t}","inputs":[{"name":"value1","type":"any","subType":"","array":false},{"name":"value2","type":"any","subType":"","array":false}],"outputs":[{"name":"result","type":"boolean","subType":"","array":false}]},{"type":"block","subType":"LessEqualsThan","shortName":"<=","category":"Inequality Operations","code":"function(input, output) {\n\t\tif (input[\"n1\"] === undefined || input[\"n2\"] === undefined)\n\t\t\treturn;\n\t\toutput[\"result\"] = input[\"n1\"] <= input[\"n2\"];\n\t}","inputs":[{"name":"n1","type":"number","subType":"","array":false},{"name":"n2","type":"number","subType":"","array":false}],"outputs":[{"name":"result","type":"boolean","subType":"","array":false}]},{"type":"block","subType":"LessThan","shortName":"<","category":"Inequality Operations","code":"function(input, output) {\n\t\tif (input[\"n1\"] === undefined || input[\"n2\"] === undefined)\n\t\t\treturn;\n\t\toutput[\"result\"] = input[\"n1\"] < input[\"n2\"];\n\t}","inputs":[{"name":"n1","type":"number","subType":"","array":false},{"name":"n2","type":"number","subType":"","array":false}],"outputs":[{"name":"result","type":"boolean","subType":"","array":false}]},{"type":"block","subType":"RemoveFirst","shortName":"Remove First","category":"String Operations","code":"function(input, output) {\n\t\tif (input[\"inStr\"] === undefined || input[\"num\"] === undefined)\n\t\t\treturn;\n\t\toutput[\"outStr\"] = input[\"inStr\"].substring(input[\"num\"]);\n\t}","inputs":[{"name":"inStr","type":"string","subType":"","array":false},{"name":"num","type":"number","subType":"","array":false}],"outputs":[{"name":"outStr","type":"string","subType":"","array":false}]},{"type":"block","subType":"RemoveLast","shortName":"Remove Last","category":"String Operations","code":"function(input, output) {\n\t\tif (input[\"inStr\"] === undefined || input[\"num\"] === undefined)\n\t\t\treturn;\n\t\toutput[\"outStr\"] = input[\"inStr\"].substring(0, input[\"inStr\"].length - input[\"num\"]);\n\t}","inputs":[{"name":"inStr","type":"string","subType":"","array":false},{"name":"num","type":"number","subType":"","array":false}],"outputs":[{"name":"outStr","type":"string","subType":"","array":false}]},{"type":"block","subType":"RemoveAt","shortName":"Remove At","category":"String Operations","code":"function(input, output) {\n\t\tif (input[\"inStr\"] === undefined || input[\"index\"] === undefined || input[\"index\"].length === 0)\n\t\t\treturn;\n\t\tvar orderedIndices = input[\"index\"].slice();\n\t\torderedIndices.sort();\n\t\toutput[\"outStr\"] = \"\";\n\t\tvar tmpIndex = 0;\n\t\tfor (var i = 0; i < orderedIndices.length; i++) {\n\t\t\toutput[\"outStr\"] += input[\"inStr\"].substring(tmpIndex, orderedIndices[i]);\n\t\t\ttmpIndex = orderedIndices[i] + 1;\n\t\t}\n\t\toutput[\"outStr\"] += input[\"inStr\"].substring(tmpIndex, input[\"inStr\"].length);\n\t}","inputs":[{"name":"inStr","type":"string","subType":"","array":false},{"name":"index","type":"number","subType":"","array":true,"dynamic":true,"length":1}],"outputs":[{"name":"outStr","type":"string","subType":"","array":false}]},{"type":"block","subType":"RemoveSubString","shortName":"Remove Sub String","category":"String Operations","code":"function(input, output) {\n\t\tif (input[\"inStr\"] === undefined || input[\"idBegin\"] === undefined || input[\"idEnd\"] === undefined)\n\t\t\treturn;\n\t\toutput[\"outStr\"] = input[\"inStr\"].substring(0, input[\"idBegin\"]) + input[\"inStr\"].substring(input[\"idEnd\"], input[\"inStr\"].length);\n\t}","inputs":[{"name":"inStr","type":"string","subType":"","array":false},{"name":"idBegin","type":"number","subType":"","array":false},{"name":"idEnd","type":"number","subType":"","array":false}],"outputs":[{"name":"outStr","type":"string","subType":"","array":false}]},{"type":"block","subType":"SubString","shortName":"Sub String","category":"String Operations","code":"function(input, output) {\n\t\tif (input[\"inStr\"] === undefined || input[\"idBegin\"] === undefined || input[\"idEnd\"] === undefined)\n\t\t\treturn;\n\t\toutput[\"outStr\"] = input[\"inStr\"].substring(input[\"idBegin\"], input[\"idEnd\"]);\n\t}","inputs":[{"name":"inStr","type":"string","subType":"","array":false},{"name":"idBegin","type":"number","subType":"","array":false},{"name":"idEnd","type":"number","subType":"","array":false}],"outputs":[{"name":"outStr","type":"string","subType":"","array":false}]},{"type":"block","subType":"StringLength","shortName":"Length","category":"String Operations","code":"function(input, output) {\n\t\tif (input[\"str\"] === undefined)\n\t\t\treturn;\n\t\toutput[\"length\"] = input[\"str\"].length;\n\t}","inputs":[{"name":"str","type":"string","subType":"","array":false}],"outputs":[{"name":"length","type":"number","subType":"","array":false}]},{"type":"block","subType":"StringContains","shortName":"Contains","category":"String Operations","code":"function(input, output) {\n\t\tif (input[\"str\"] === undefined || input[\"match\"] === undefined)\n\t\t\treturn;\n\t\toutput[\"result\"] = input[\"str\"].includes(input[\"match\"]);\n\t}","inputs":[{"name":"str","type":"string","subType":"","array":false},{"name":"match","type":"string","subType":"","array":false}],"outputs":[{"name":"result","type":"boolean","subType":"","array":false}]},{"type":"block","subType":"StringConcat","shortName":"Concat","category":"String Operations","code":"function(input, output) {\n\t\tif (input[\"str\"] === undefined)\n\t\t\treturn;\n\t\toutput[\"result\"] = \"\";\n\t\tfor (var i = 0; i < input[\"str\"].length; i++)\n\t\t\toutput[\"result\"] += input[\"str\"][i];\n\t}","inputs":[{"name":"str","type":"string","subType":"","array":true,"dynamic":true,"length":2}],"outputs":[{"name":"result","type":"string","subType":"","array":false}]},{"type":"block","subType":"StringRepeat","shortName":"Repeat","category":"String Operations","code":"function(input, output) {\n\t\tif (input[\"str\"] === undefined || input[\"num\"] === undefined)\n\t\t\treturn;\n\t\toutput[\"result\"] = input[\"str\"].repeat(input[\"num\"]);\n\t}","inputs":[{"name":"str","type":"string","subType":"","array":false},{"name":"num","type":"number","subType":"","array":false}],"outputs":[{"name":"result","type":"string","subType":"","array":false}]},{"type":"block","subType":"StringIndexOf","shortName":"Index Of","category":"String Operations","code":"function(input, output) {\n\t\tif (input[\"str\"] === undefined || input[\"match\"] === undefined)\n\t\t\treturn;\n\t\toutput[\"index\"] = input[\"str\"].indexOf(input[\"match\"]);\n\t}","inputs":[{"name":"str","type":"string","subType":"","array":false},{"name":"match","type":"string","subType":"","array":false}],"outputs":[{"name":"index","type":"number","subType":"","array":false}]},{"type":"block","subType":"StringLastIndexOf","shortName":"Last Index Of","category":"String Operations","code":"function(input, output) {\n\t\tif (input[\"str\"] === undefined || input[\"match\"] === undefined)\n\t\t\treturn;\n\t\toutput[\"index\"] = input[\"str\"].lastIndexOf(input[\"match\"]);\n\t}","inputs":[{"name":"str","type":"string","subType":"","array":false},{"name":"match","type":"string","subType":"","array":false}],"outputs":[{"name":"index","type":"number","subType":"","array":false}]},{"type":"block","subType":"StringSearch","shortName":"Search","category":"String Operations","code":"function(input, output) {\n\t\tif (input[\"str\"] === undefined || input[\"matchPatternStr\"] === undefined || input[\"matchFlagStr\"] === undefined)\n\t\t\treturn;\n\t\toutput[\"index\"] = input[\"str\"].search(new RegExp(input[\"matchPatternStr\"], input[\"matchFlagStr\"]));\n\t}","inputs":[{"name":"str","type":"string","subType":"","array":false},{"name":"matchPatternStr","type":"string","subType":"","array":false},{"name":"matchFlagStr","type":"string","subType":"","array":false}],"outputs":[{"name":"index","type":"number","subType":"","array":false}]},{"type":"block","subType":"StringReplace","shortName":"Replace","category":"String Operations","code":"function(input, output) {\n\t\tif (input[\"inStr\"] === undefined || input[\"searchValueStr\"] === undefined || input[\"newValueStr\"] === undefined)\n\t\t\treturn;\n\t\toutput[\"outStr\"] = input[\"inStr\"].replace(input[\"searchValueStr\"], input[\"newValueStr\"]);\n\t}","inputs":[{"name":"inStr","type":"string","subType":"","array":false},{"name":"searchValueStr","type":"string","subType":"","array":false},{"name":"newValueStr","type":"string","subType":"","array":false}],"outputs":[{"name":"outStr","type":"string","subType":"","array":false}]},{"type":"block","subType":"StringReplaceRegEx","shortName":"Replace With RegEx","category":"String Operations","code":"function(input, output) {\n\t\tif (input[\"inStr\"] === undefined || input[\"searchValuePatternStr\"] === undefined || input[\"searchValueFlagStr\"] === undefined || input[\"newValueStr\"] === undefined)\n\t\t\treturn;\n\t\toutput[\"outStr\"] = input[\"inStr\"].replace(new RegExp(input[\"searchValuePatternStr\"], input[\"searchValueFlagStr\"]), input[\"newValueStr\"]);\n\t}","inputs":[{"name":"inStr","type":"string","subType":"","array":false},{"name":"searchValuePatternStr","type":"string","subType":"","array":false},{"name":"searchValueFlagStr","type":"string","subType":"","array":false},{"name":"newValueStr","type":"string","subType":"","array":false}],"outputs":[{"name":"outStr","type":"string","subType":"","array":false}]},{"type":"block","subType":"StringReplaceAll","shortName":"ReplaceAll","category":"String Operations","code":"function(input, output) {\n\t\tif (input[\"inStr\"] === undefined || input[\"searchValueStr\"] === undefined || input[\"newValueStr\"] === undefined)\n\t\t\treturn;\n\t\toutput[\"outStr\"] = input[\"inStr\"].split(input[\"searchValueStr\"]).join(input[\"newValueStr\"]);\n\t}","inputs":[{"name":"inStr","type":"string","subType":"","array":false},{"name":"searchValueStr","type":"string","subType":"","array":false},{"name":"newValueStr","type":"string","subType":"","array":false}],"outputs":[{"name":"outStr","type":"string","subType":"","array":false}]},{"type":"block","subType":"StringToUpperCase","shortName":"To Upper Case","category":"String Operations","code":"function(input, output) {\n\t\tif (input[\"inStr\"] === undefined)\n\t\t\treturn;\n\t\toutput[\"outStr\"] = input[\"inStr\"].toUpperCase();\n\t}","inputs":[{"name":"inStr","type":"string","subType":"","array":false}],"outputs":[{"name":"outStr","type":"string","subType":"","array":false}]},{"type":"block","subType":"StringToLowerCase","shortName":"To Lower Case","category":"String Operations","code":"function(input, output) {\n\t\tif (input[\"inStr\"] === undefined)\n\t\t\treturn;\n\t\toutput[\"outStr\"] = input[\"inStr\"].toLowerCase();\n\t}","inputs":[{"name":"inStr","type":"string","subType":"","array":false}],"outputs":[{"name":"outStr","type":"string","subType":"","array":false}]},{"type":"block","subType":"StringTrim","shortName":"Trim","category":"String Operations","code":"function(input, output) {\n\t\tif (input[\"inStr\"] === undefined)\n\t\t\treturn;\n\t\toutput[\"outStr\"] = input[\"inStr\"].trim();\n\t}","inputs":[{"name":"inStr","type":"string","subType":"","array":false}],"outputs":[{"name":"outStr","type":"string","subType":"","array":false}]},{"type":"block","subType":"StringTrimStart","shortName":"Trim Start","category":"String Operations","code":"function(input, output) {\n\t\tif (input[\"inStr\"] === undefined)\n\t\t\treturn;\n\t\tvar c = \" \";\n\t\toutput[\"outStr\"] = input[\"inStr\"].replace(new RegExp(\"^[\" + c + \"]+\", \"g\"), \"\");\n\t}","inputs":[{"name":"inStr","type":"string","subType":"","array":false}],"outputs":[{"name":"outStr","type":"string","subType":"","array":false}]},{"type":"block","subType":"StringTrimEnd","shortName":"Trim End","category":"String Operations","code":"function(input, output) {\n\t\tif (input[\"inStr\"] === undefined)\n\t\t\treturn;\n\t\tvar c = \" \";\n\t\toutput[\"outStr\"] = input[\"inStr\"].replace(new RegExp(\"[\" + c + \"]+$\", \"g\"), \"\");\n\t}","inputs":[{"name":"inStr","type":"string","subType":"","array":false}],"outputs":[{"name":"outStr","type":"string","subType":"","array":false}]},{"type":"block","subType":"StringTrimChar","shortName":"Trim Char","category":"String Operations","code":"function(input, output) {\n\t\tif (input[\"inStr\"] === undefined)\n\t\t\treturn;\n\t\tvar c = input[\"char\"];\n\t\tif (c == \"]\") c = \"\\\\]\";\n\t\tif (c == \"\\\\\") c = \"\\\\\\\\\";\n\t\toutput[\"outStr\"] = input[\"inStr\"].replace(new RegExp(\"^[\" + c + \"]+|[\" + c + \"]+$\", \"g\"), \"\");\n\t}","inputs":[{"name":"inStr","type":"string","subType":"","array":false},{"name":"char","type":"string","subType":"","array":false}],"outputs":[{"name":"outStr","type":"string","subType":"","array":false}]},{"type":"block","subType":"StringTrimCharStart","shortName":"Trim Char Start","category":"String Operations","code":"function(input, output) {\n\t\tif (input[\"inStr\"] === undefined)\n\t\t\treturn;\n\t\tvar c = input[\"char\"];\n\t\tif (c == \"]\") c = \"\\\\]\";\n\t\tif (c == \"\\\\\") c = \"\\\\\\\\\";\n\t\toutput[\"outStr\"] = input[\"inStr\"].replace(new RegExp(\"^[\" + c + \"]+\", \"g\"), \"\");\n\t}","inputs":[{"name":"inStr","type":"string","subType":"","array":false},{"name":"char","type":"string","subType":"","array":false}],"outputs":[{"name":"outStr","type":"string","subType":"","array":false}]},{"type":"block","subType":"StringTrimCharEnd","shortName":"Trim Char End","category":"String Operations","code":"function(input, output) {\n\t\tif (input[\"inStr\"] === undefined)\n\t\t\treturn;\n\t\tvar c = input[\"char\"];\n\t\tif (c == \"]\") c = \"\\\\]\";\n\t\tif (c == \"\\\\\") c = \"\\\\\\\\\";\n\t\toutput[\"outStr\"] = input[\"inStr\"].replace(new RegExp(\"[\" + c + \"]+$\", \"g\"), \"\");\n\t}","inputs":[{"name":"inStr","type":"string","subType":"","array":false},{"name":"char","type":"string","subType":"","array":false}],"outputs":[{"name":"outStr","type":"string","subType":"","array":false}]},{"type":"block","subType":"StringCharAt","shortName":"Char At","category":"String Operations","code":"function(input, output) {\n\t\tif (input[\"inStr\"] === undefined || input[\"index\"] === undefined)\n\t\t\treturn;\n\t\toutput[\"outChar\"] = input[\"inStr\"].charAt(input[\"index\"]);\n\t}","inputs":[{"name":"inStr","type":"string","subType":"","array":false},{"name":"index","type":"number","subType":"","array":false}],"outputs":[{"name":"outChar","type":"string","subType":"","array":false}]},{"type":"block","subType":"StringSplit","shortName":"Split","category":"String Operations","code":"function(input, output) {\n\t\tif (input[\"inStr\"] === undefined || input[\"separator\"] === undefined)\n\t\t\treturn;\n\t\toutput[\"splittedString\"] = input[\"inStr\"].split(input[\"separator\"]);\n\t}","inputs":[{"name":"inStr","type":"string","subType":"","array":false},{"name":"separator","type":"string","subType":"","array":false}],"outputs":[{"name":"splittedString","type":"string","subType":"","array":true}]},{"type":"block","subType":"StringCharsSubstitute","shortName":"Substitute Chars","category":"String Operations","code":"function(input, output) {\n\t\tif (input[\"fromChars\"] === undefined || input[\"toChars\"] === undefined || input[\"inStr\"] === undefined)\n\t\t\treturn;\n\t\tvar result = \"\";\n\t\tfor (var i = 0; i < input[\"inStr\"].length; i++) {\n\t\t\tvar currentChar = input[\"inStr\"].charAt(i);\n\t\t\tvar found = false;\n\t\t\tfor (var j = 0; j < input[\"fromChars\"].length; j++) {\n\t\t\t\tvar fromChar = input[\"fromChars\"].charAt(j);\n\t\t\t\tif (fromChar.toLowerCase() == currentChar.toLowerCase()) {\n\t\t\t\t\tvar toChar = input[\"toChars\"].charAt(j);\n\t\t\t\t\tif (currentChar == currentChar.toLowerCase()) {\n\t\t\t\t\t\tresult += toChar.toLowerCase();\n\t\t\t\t\t} else {\n\t\t\t\t\t\tresult += toChar.toUpperCase();\n\t\t\t\t\t}\n\t\t\t\t\tfound = true;\n\t\t\t\t\tbreak;\n\t\t\t\t}\n\t\t\t}\n\t\t\tif (!found)\n\t\t\t\tresult += currentChar;\n\t\t}\n\t\toutput[\"outStr\"] = result;\n\t}","inputs":[{"name":"fromChars","type":"string","subType":"","array":false},{"name":"toChars","type":"string","subType":"","array":false},{"name":"inStr","type":"string","subType":"","array":false}],"outputs":[{"name":"outStr","type":"string","subType":"","array":false}]},{"type":"block","subType":"StringStartsWith","shortName":"Starts With","category":"String Operations","code":"function(input, output) {\n\t\tif (input[\"str\"] === undefined || input[\"match\"] === undefined)\n\t\t\treturn;\n\t\toutput[\"result\"] = input[\"str\"].startsWith(input[\"match\"]);\n\t}","inputs":[{"name":"str","type":"string","subType":"","array":false},{"name":"match","type":"string","subType":"","array":false}],"outputs":[{"name":"result","type":"boolean","subType":"","array":false}]},{"type":"block","subType":"StringEndsWith","shortName":"Ends With","category":"String Operations","code":"function(input, output) {\n\t\tif (input[\"str\"] === undefined || input[\"match\"] === undefined)\n\t\t\treturn;\n\t\toutput[\"result\"] = input[\"str\"].endsWith(input[\"match\"]);\n\t}","inputs":[{"name":"str","type":"string","subType":"","array":false},{"name":"match","type":"string","subType":"","array":false}],"outputs":[{"name":"result","type":"boolean","subType":"","array":false}]},{"type":"block","subType":"StringCount","shortName":"Count","category":"String Operations","code":"function(input, output) {\n\t\tif (input[\"str\"] === undefined || input[\"match\"] === undefined)\n\t\t\treturn;\n\t\tvar tmpRes = input[\"str\"].match(new RegExp(input[\"match\"], \"g\"));\n\t\toutput[\"count\"] = (tmpRes == null) ? 0 : tmpRes.length;\n\t}","inputs":[{"name":"str","type":"string","subType":"","array":false},{"name":"match","type":"string","subType":"","array":false}],"outputs":[{"name":"count","type":"number","subType":"","array":false}]},{"type":"block","subType":"StringReverse","shortName":"Reverse","category":"String Operations","code":"function(input, output) {\n\t\tif (input[\"str\"] === undefined)\n\t\t\treturn;\n\t\toutput[\"result\"] = input[\"str\"].split(\"\").reverse().join(\"\");\n\t}","inputs":[{"name":"str","type":"string","subType":"","array":false}],"outputs":[{"name":"result","type":"string","subType":"","array":false}]},{"type":"block","subType":"StringMinimumFixedLength","shortName":"Create Min Length String","category":"String Operations","code":"function(input, output) {\n\t\tif (input[\"inStr\"] === undefined || input[\"minLength\"] === undefined || input[\"fillChar\"] === undefined || input[\"fillChar\"].length > 1 || input[\"fillRight\"] === undefined)\n\t\t\treturn;\n\t\tif (input[\"inStr\"].length < input[\"minLength\"]) {\n\t\t\tif (input[\"fillRight\"])\n\t\t\t\toutput[\"outStr\"] = input[\"inStr\"] + input[\"fillChar\"].repeat(input[\"minLength\"] - input[\"inStr\"].length);\n\t\t\telse\n\t\t\t\toutput[\"outStr\"] = input[\"fillChar\"].repeat(input[\"minLength\"] - input[\"inStr\"].length) + input[\"inStr\"];\n\t\t} else {\n\t\t\toutput[\"outStr\"] = input[\"inStr\"];\n\t\t}\n\t}","inputs":[{"name":"inStr","type":"string","subType":"","array":false},{"name":"minLength","type":"number","subType":"","array":false},{"name":"fillChar","type":"string","subType":"","array":false},{"name":"fillRight","type":"boolean","subType":"","array":false}],"outputs":[{"name":"outStr","type":"string","subType":"","array":false}]},{"type":"block","subType":"StringIsAlpha","shortName":"IsAlpha","category":"String Operations","code":"function(input, output) {\n\t\tif (input[\"str\"] === undefined)\n\t\t\treturn;\n\t\tif (input[\"str\"].length === 0) {\n\t\t\toutput[\"result\"] = false;\n\t\t\treturn;\n\t\t}\n\t\tfor (var i = 0; i < input[\"str\"].length; i++) {\n\t\t\tif ((input[\"str\"][i] >= \"a\" && input[\"str\"][i] <= \"z\") || (input[\"str\"][i] >= \"A\" && input[\"str\"][i] <= \"Z\"))\n\t\t\t\tcontinue;\n\t\t\toutput[\"result\"] = false;\n\t\t\treturn;\n\t\t}\n\t\toutput[\"result\"] = true;\n\t}","inputs":[{"name":"str","type":"string","subType":"","array":false}],"outputs":[{"name":"result","type":"boolean","subType":"","array":false}]},{"type":"block","subType":"StringIsNumeric","shortName":"IsNumeric","category":"String Operations","code":"function(input, output) {\n\t\tif (input[\"str\"] === undefined)\n\t\t\treturn;\n\t\tif (input[\"str\"].length === 0) {\n\t\t\toutput[\"result\"] = false;\n\t\t\treturn;\n\t\t}\n\t\tfor (var i = 0; i < input[\"str\"].length; i++) {\n\t\t\tif (input[\"str\"][i] >= \"0\" && input[\"str\"][i] <= \"9\")\n\t\t\t\tcontinue;\n\t\t\toutput[\"result\"] = false;\n\t\t\treturn;\n\t\t}\n\t\toutput[\"result\"] = true;\n\t}","inputs":[{"name":"str","type":"string","subType":"","array":false}],"outputs":[{"name":"result","type":"boolean","subType":"","array":false}]},{"type":"block","subType":"StringIsAlphaNumeric","shortName":"IsAlphaNumeric","category":"String Operations","code":"function(input, output) {\n\t\tif (input[\"str\"] === undefined)\n\t\t\treturn;\n\t\tif (input[\"str\"].length === 0) {\n\t\t\toutput[\"result\"] = false;\n\t\t\treturn;\n\t\t}\n\t\tfor (var i = 0; i < input[\"str\"].length; i++) {\n\t\t\tif ((input[\"str\"][i] >= \"a\" && input[\"str\"][i] <= \"z\") || (input[\"str\"][i] >= \"A\" && input[\"str\"][i] <= \"Z\") || (input[\"str\"][i] >= \"0\" && input[\"str\"][i] <= \"9\"))\n\t\t\t\tcontinue;\n\t\t\toutput[\"result\"] = false;\n\t\t\treturn;\n\t\t}\n\t\toutput[\"result\"] = true;\n\t}","inputs":[{"name":"str","type":"string","subType":"","array":false}],"outputs":[{"name":"result","type":"boolean","subType":"","array":false}]},{"type":"block","subType":"StringToNumber","shortName":"ToNumber","category":"String Operations","code":"function(input, output) {\n\t\tif (input[\"str\"] === undefined)\n\t\t\treturn;\n\t\toutput[\"result\"] = Number(input[\"str\"]);\n\t}","inputs":[{"name":"str","type":"string","subType":"","array":false}],"outputs":[{"name":"result","type":"number","subType":"","array":false}]},{"type":"block","subType":"StringToBoolean","shortName":"ToBoolean","category":"String Operations","code":"function(input, output) {\n\t\tif (input[\"str\"] === undefined)\n\t\t\treturn;\n\t\tif (input[\"str\"] === \"true\")\n\t\t\toutput[\"result\"] = true;\n\t\telse if (input[\"str\"] === \"false\")\n\t\t\toutput[\"result\"] = false;\n\t}","inputs":[{"name":"str","type":"string","subType":"","array":false}],"outputs":[{"name":"result","type":"boolean","subType":"","array":false}]},{"type":"block","subType":"AnyToString","shortName":"ToString","category":"String Operations","code":"function(input, output) {\n\t\tif (input[\"value\"] === undefined)\n\t\t\treturn;\n\t\toutput[\"result\"] = \"\" + input[\"value\"];\n\t}","inputs":[{"name":"value","type":"any","subType":"","array":false}],"outputs":[{"name":"result","type":"string","subType":"","array":false}]},{"type":"block","subType":"ArrayCreate","shortName":"Create","category":"Array Operations","code":"function(input, output) {\n\t\tif (input[\"element\"] === undefined)\n\t\t\treturn;\n\t\toutput[\"array\"] = [];\n\t\tfor (var i = 0; i < input[\"element\"].length; i++)\n\t\t\toutput[\"array\"][i] = input[\"element\"][i];\n\t}","inputs":[{"name":"element","type":"any","subType":"","array":true,"dynamic":true,"length":1}],"outputs":[{"name":"array","type":"any","subType":"","array":true}]},{"type":"block","subType":"ArrayLength","shortName":"Length","category":"Array Operations","code":"function(input, output) {\n\t\tif (input[\"array\"] === undefined)\n\t\t\treturn;\n\t\toutput[\"length\"] = input[\"array\"].length;\n\t}","inputs":[{"name":"array","type":"any","subType":"","array":true}],"outputs":[{"name":"length","type":"number","subType":"","array":false}]},{"type":"block","subType":"ArrayGet","shortName":"Get","category":"Array Operations","code":"function(input, output) {\n\t\tif (input[\"array\"] === undefined || input[\"index\"] === undefined)\n\t\t\treturn;\n\t\toutput[\"element\"] = input[\"array\"][input[\"index\"]];\n\t}","inputs":[{"name":"array","type":"any","subType":"","array":true},{"name":"index","type":"number","subType":"","array":false}],"outputs":[{"name":"element","type":"any","subType":"","array":false}]},{"type":"block","subType":"ArrayAdd","shortName":"Add","category":"Array Operations","code":"function(input, output) {\n\t\tif (input[\"array\"] === undefined || input[\"item\"] === undefined)\n\t\t\treturn;\n\t\toutput[\"result\"] = input[\"array\"].slice();\n\t\toutput[\"result\"].push(input[\"item\"]);\n\t\treturn output[\"result\"];\n\t}","inputs":[{"name":"array","type":"any","subType":"","array":true},{"name":"item","type":"any","subType":"","array":false}],"outputs":[{"name":"result","type":"any","subType":"","array":true}]},{"type":"block","subType":"ArrayAddAll","shortName":"Add All","category":"Array Operations","code":"function(input, output) {\n\t\tif (input[\"array\"] === undefined || input[\"arrayItem\"] === undefined)\n\t\t\treturn;\n\t\toutput[\"result\"] = input[\"array\"].slice();\n\t\toutput[\"result\"] = output[\"result\"].concat(input[\"arrayItem\"].slice());\n\t\treturn output[\"result\"];\n\t}","inputs":[{"name":"array","type":"any","subType":"","array":true},{"name":"arrayItem","type":"any","subType":"","array":true}],"outputs":[{"name":"result","type":"any","subType":"","array":true}]},{"type":"block","subType":"ArrayRemoveAt","shortName":"RemoveAt","category":"Array Operations","code":"function(input, output) {\n\t\tif (input[\"array\"] === undefined || input[\"index\"] === undefined)\n\t\t\treturn;\n\t\toutput[\"result\"] = input[\"array\"].slice();\n\t\toutput[\"result\"].splice(input[\"index\"], 1);\n\t\treturn output[\"result\"];\n\t}","inputs":[{"name":"array","type":"any","subType":"","array":true},{"name":"index","type":"number","subType":"","array":false}],"outputs":[{"name":"result","type":"any","subType":"","array":true}]},{"type":"block","subType":"IfCheck","shortName":"If","category":"Conditions","code":"function(input, output) {\n\t\tif (input[\"condition\"] === undefined)\n\t\t\treturn;\n\t\tif (input[\"condition\"]) {\n\t\t\tif (input[\"trueValue\"] === undefined)\n\t\t\t\treturn;\n\t\t\toutput[\"out\"] = input[\"trueValue\"];\n\t\t} else {\n\t\t\tif (input[\"falseValue\"] === undefined)\n\t\t\t\treturn;\n\t\t\toutput[\"out\"] = input[\"falseValue\"];\n\t\t}\n\t}","inputs":[{"name":"trueValue","type":"any","subType":"","array":false},{"name":"falseValue","type":"any","subType":"","array":false},{"name":"condition","type":"boolean","subType":"","array":false}],"outputs":[{"name":"out","type":"any","subType":"","array":false}]},{"type":"block","subType":"SwitchCheck","shortName":"Switch","category":"Conditions","code":"","inputs":[],"outputs":[{"name":"out","type":"any","subType":"","array":false}]}],"nodes":[{"name":"enum Formatter[] : formattersOut","id":3,"internalName":"formattersOut","internalType":"enum","internalSubType":"Formatter","internalDirection":"output","x":800,"y":200,"width":224.63333129882812,"color":"#1E88E5","canDelete":true,"canDuplicate":false,"inputConnectors":[{"name":"","type":"enum","subType":"Formatter","array":true,"defaultValue":"","dynamicGroup":"","dynamicIndex":0}],"outputConnectors":[]},{"name":"Formatter","id":4,"internalName":"","internalType":"enum","internalSubType":"Formatter","internalDirection":"","x":306.1369105747769,"y":207.64286586216514,"width":253.56666564941406,"color":"#2E7D32","inputConnectors":[],"outputConnectors":[{"name":"[ STANDARD,FORMATTER ]","type":"enum","subType":"Formatter","defaultValue":"","array":true,"dynamicGroup":"","dynamicIndex":0}]}],"connections":[{"source":{"nodeID":4,"connectorIndex":0},"dest":{"nodeID":3,"connectorIndex":0}}]}}